"symbol";"nimi";"sektor";"hind";"tootlus";"kogus";"kasum_aktsia_kohta";"dividend_aktsia_kohta";"aktsiate_arv"
"A";"Agilent Technologies Inc";"Health Care";39.11;-1.29;2567439;1.49;0.3833;335300000
"AA";"Alcoa Inc";"Materials";16.42;-0.97;15182135;0.21;0.09;1216700000
"AAPL";"Apple Inc.";"Information Technology";119.56;0.77;70149744;7.385;1.8457;5824700000
"ABBV";"AbbVie";"Health Care";56.91;-7.69;31250640;1.1;1.75;1593300000
"ABC";"AmerisourceBergen Corp";"Health Care";95.87;0.24;1777618;0.153;0.995;219500000
"ABT";"Abbott Laboratories";"Health Care";45.17;-1.44;8231178;1.489;0.9;1505800000
"ACE";"ACE Limited";"Financials";111.62;0.55;1508980;8.42;2.58;328700000
"ACN";"Accenture plc";"Information Technology";87.34;-0.66;2764092;4.663;1.95;628100000
"ACT";"Actavis plc";"Health Care";266.23;-0.79;1883647;-5.314;0;265100000
"ADBE";"Adobe Systems Inc";"Information Technology";72.28;0.5;2165414;0.53;0;498300000
"ADI";"Analog Devices, Inc.";"Information Technology";53.78;-0.35;1466507;1.98;1.48;311200000
"ADM";"Archer-Daniels-Midland Co";"Consumer Staples";46.15;-5.35;9231158;2.909;0.96;643800000
"ADP";"Automatic Data Processing";"Information Technology";86.58;1.69;3659204;3.071;1.7543;482100000
"ADS";"Alliance Data Systems";"Information Technology";292.32;-1;854761;8.749;0;59400000
"ADSK";"Autodesk Inc";"Information Technology";56.44;2.77;2350773;0.531;0;227500000
"ADT";"ADT Corp";"Industrials";36.12;0.31;1823371;1.683;0.81;171200000
"AEE";"Ameren Corp";"Utilities";44.58;-1.87;1948848;2.342;1.61;242600000
"AEP";"American Electric Power";"Utilities";62.22;-0.86;3356221;3.342;2.03;4.89e+08
"AES";"AES Corp";"Utilities";12.52;0.32;5828283;0.491;0.25;7.13e+08
"AET";"Aetna Inc";"Health Care";96.05;1.99;3873347;5.991;0.925;351700000
"AFL";"AFLAC Inc";"Financials";60.68;2.69;3444086;6.376;1.5;450600000
"AGN";"Allergan Inc";"Health Care";219.42;-0.43;1092443;4.278;0.2;297900000
"AIG";"American International Group, Inc.";"Financials";51.51;0.35;10292021;6.045;0.5;1399900000
"AIZ";"Assurant Inc";"Financials";65.56;-0.15;372766;7.187;1.06;70300000
"AIV";"Apartment Investment & Mgmt";"Financials";40.12;0.15;1177674;2.653;1.04;146200000
"AKAM";"Akamai Technologies Inc";"Information Technology";59.95;-0.27;1598292;1.75;0;1.78e+08
"ALL";"Allstate Corp";"Financials";72.58;0.76;3677435;6.185;1.12;419400000
"ALLE";"Allegion";"Industrials";55.63;1.05;578298;0;0.32;NA
"ALTR";"Altera Corp";"Information Technology";33.82;-0.7;1586992;1.52;0.66;302400000
"ALXN";"Alexion Pharmaceuticals";"Health Care";178.29;0.44;1616518;3.26;0;198700000
"AMAT";"Applied Materials Inc";"Information Technology";23.62;0.72;14635941;0.87;0.4;1221500000
"AME";"Ametek";"Industrials";49.51;-1.86;992692;2.37;0.33;2.44e+08
"AMG";"Affiliated Managers Group Inc";"Financials";209.52;-0.68;387550;8.002;0;55300000
"AMGN";"Amgen Inc";"Health Care";151.45;-0.51;5827111;6.7;2.44;7.6e+08
"AMP";"Ameriprise Financial";"Financials";131.88;-0.48;1274150;8.3;2.26;183100000
"AMZN";"Amazon.com Inc";"Consumer Discretionary";364.75;0.33;4169927;-0.522;0;464400000
"AMT";"American Tower Corp A";"Financials";97.85;-1.25;1697202;1.83;1.4;396500000
"AN";"AutoNation Inc";"Consumer Discretionary";62.81;-0.57;1683693;3.401;0;113200000
"ANTM";"Anthem Inc.";"Health Care";137.65;0.5;1674628;8.988;1.752;2.81e+08
"AON";"Aon plc";"Financials";93.12;0.38;1387079;4.257;1;285100000
"APA";"Apache Corporation";"Energy";67.31;-1.1;6044705;-1.069;1;376500000
"APC";"Anadarko Petroleum Corp";"Energy";83.07;-2.96;5472018;-3.47;0.99;5.07e+08
"APD";"Air Products & Chemicals Inc";"Materials";148.42;0.01;988181;4.76;3.08;214300000
"APH";"Amphenol Corp A";"Industrials";54.57;-0.02;811290;2.21;0.45;3.1e+08
"ARG";"Airgas Inc";"Materials";112.1;-0.83;501695;4.751;2.13;74700000
"AZO";"AutoZone Inc";"Consumer Discretionary";601.63;-1.02;281367;32.623;0;31900000
"ATI";"Allegheny Technologies Inc";"Materials";30.21;-2.01;976307;-0.027;0.72;108700000
"AVB";"AvalonBay Communities, Inc.";"Financials";173.34;-0.2;687661;5.21;4.64;132100000
"AVGO";"Avago Technologies";"Information Technology";104.8;1.55;1665825;0.988;1.23;255300000
"AVP";"Avon Products";"Consumer Staples";8.74;0.34;13516574;-0.29;0.24;434700000
"AVY";"Avery Dennison Corp";"Materials";51.5;-0.64;1089760;2.597;1.34;9.3e+07
"AXP";"American Express Co";"Financials";83.61;-0.14;6155698;5.56;1.01;1.028e+09
"BA";"Boeing Company";"Industrials";147.22;-0.08;4766204;7.38;2.92;706400000
"BAC";"Bank of America Corp";"Financials";15.79;-0.63;83848120;0.36;0.12;10519300000
"BAX";"Baxter International Inc.";"Health Care";70.07;-0.54;2556221;4.567;2.05;5.42e+08
"BBBY";"Bed Bath & Beyond";"Consumer Discretionary";78.51;1.26;2729471;4.943;0;1.82e+08
"BBT";"BB&T Corporation";"Financials";36.37;-0.3;3751723;2.75;0.95;720700000
"BBY";"Best Buy Co. Inc.";"Consumer Discretionary";36.21;0.72;5067267;2.855;0.72;350800000
"BCR";"Bard (C.R.) Inc.";"Health Care";172.58;0.01;775378;3.76;0.87;74900000
"BDX";"Becton Dickinson";"Health Care";139.92;-0.93;1509077;5.99;2.235;1.92e+08
"BEN";"Franklin Resources";"Financials";52.94;-1.18;1621766;3.74;1.01;621800000
"BF.B";"Brown-Forman Corporation";"Consumer Staples";0;NA;NA;NA;NA;NA
"BHI";"Baker Hughes Inc";"Energy";60.98;-1.28;5058216;3.92;0.49;4.34e+08
"BIIB";"BIOGEN IDEC Inc.";"Health Care";391.12;-0.7;2166026;12.37;0;235500000
"BK";"The Bank of New York Mellon Corp.";"Financials";37.17;-0.61;5828014;2.67;0.68;1118200000
"BLK";"BlackRock";"Financials";350.78;-0.61;544680;19.25;7.72;166900000
"BLL";"Ball Corp";"Materials";66.15;1.22;1355630;3.613;0.52;136900000
"BMY";"Bristol-Myers Squibb";"Health Care";59.24;-1.04;7261852;1.2;1.45;1658800000
"BRCM";"Broadcom Corporation";"Information Technology";43.765;2.78;9858457;1.08;0.48;5.99e+08
"BRK.B";"Berkshire Hathaway";"Financials";0;NA;NA;NA;NA;NA
"BSX";"Boston Scientific";"Health Care";14.96;2.12;27499060;0.211;0;1326500000
"BWA";"BorgWarner";"Consumer Discretionary";57.44;0.72;1976227;2.869;0.385;227400000
"BXP";"Boston Properties";"Financials";141.13;-0.48;892146;2.829;7.1;153100000
"C";"Citigroup Inc.";"Financials";48.4;-0.98;19581788;2.199;0.04;3024800000
"CA";"CA, Inc.";"Information Technology";31.51;1.06;4415656;1.801;1;442800000
"CAG";"ConAgra Foods Inc.";"Consumer Staples";36.26;0.78;2381215;0.936;1;425900000
"CAH";"Cardinal Health Inc.";"Health Care";83.87;0.54;2653076;3.239;1.332;3.31e+08
"CAM";"Cameron International Corp.";"Energy";46.21;-3.67;4419811;3.957;0;1.95e+08
"CAT";"Caterpillar Inc.";"Industrials";81.95;-2.35;8806514;5.88;2.7;605800000
"CB";"Chubb Corp.";"Financials";99.91;0.75;1669378;8.62;2;232400000
"CBG";"CBRE Group";"Financials";33.74;0.18;2640733;1.18;0;330400000
"CBS";"CBS Corp.";"Consumer Discretionary";56.74;-0.32;5416820;5.161;0.54;518300000
"CCE";"Coca-Cola Enterprises";"Consumer Staples";43.04;-0.09;2178572;2.68;1;241700000
"CCI";"Crown Castle International Corp.";"Financials";86.27;-1.11;3071917;0;1.87;NA
"CCL";"Carnival Corp.";"Consumer Discretionary";43.46;-0.53;4067356;1.59;1;7.77e+08
"CELG";"Celgene Corp.";"Health Care";116.57;-0.88;7048177;2.39;0;8e+08
"CERN";"Cerner";"Health Care";66.78;-0.73;1402560;1.249;0;341500000
"CF";"CF Industries Holdings Inc";"Materials";297.06;-1.32;762217;27.747;5;49700000
"CFN";"Carefusion";"Health Care";59.47;-0.13;1905310;1.976;0;203900000
"CHK";"Chesapeake Energy";"Energy";20.52;-2.33;18481820;0.81;0.3462;652900000
"CHRW";"C. H. Robinson Worldwide";"Industrials";70.5;-6.29;10238706;2.893;1.43;146300000
"CI";"CIGNA Corp.";"Health Care";110.1;1.29;1768512;7.322;0.04;261600000
"CINF";"Cincinnati Financial";"Financials";52.47;0.71;716496;2.9;1.76;163500000
"CL";"Colgate-Palmolive";"Consumer Staples";69.2;0.01;3075317;2.36;1.44;911300000
"CLX";"The Clorox Company";"Consumer Staples";109.61;1.78;2328829;3.884;2.93;129400000
"CMA";"Comerica Inc.";"Financials";43.53;-0.91;1924079;3.16;0.79;1.79e+08
"CMCSA";"Comcast Corp.";"Consumer Discretionary";56.9;2.69;40057864;3.18;0.9;2576400000
"CME";"CME Group Inc.";"Financials";89.25;2.27;2255255;3.011;3.88;336800000
"CMG";"Chipotle Mexican Grill";"Consumer Discretionary";676;-6.97;2474736;12.832;0;3.1e+07
"CMI";"Cummins Inc.";"Industrials";144.16;-0.95;1990178;8.894;2.81;181600000
"CMS";"CMS Energy";"Utilities";36.94;-1.62;3529160;1.74;0.81;2.74e+08
"CNP";"CenterPoint Energy";"Utilities";22.8;-0.18;4895030;1.27;0.952;429800000
"CNX";"CONSOL Energy Inc.";"Energy";31.23;-3.19;5377983;0.7;0.252;230300000
"COF";"Capital One Financial";"Financials";75.3;-0.28;3317898;7.589;1.2;554300000
"COG";"Cabot Oil & Gas";"Energy";26.63;-3.2;10036011;0.96;0.08;4.13e+08
"COH";"Coach Inc.";"Consumer Discretionary";39.11;1.09;5077395;2.052;1.352;275600000
"COL";"Rockwell Collins";"Industrials";87.29;0.3;928763;4.704;1.2;132300000
"COP";"ConocoPhillips";"Energy";65.87;-2.76;12243308;5.508;2.84;1230900000
"COST";"Costco Co.";"Consumer Staples";155.92;1.41;11006320;4.81;1.375;440500000
"CPB";"Campbell Soup";"Consumer Staples";47.43;1.45;2510477;2.785;1.248;313300000
"CRM";"Salesforce.com";"Information Technology";58.99;0.65;3013135;-0.516;0;6.31e+08
"CSC";"Computer Sciences Corp.";"Information Technology";62.63;0.93;1917545;3.8;0.89;140500000
"CSCO";"Cisco Systems";"Information Technology";26.69;-1.59;27696252;1.47;0.76;5114300000
"CSX";"CSX Corp.";"Industrials";34.57;-0.26;5683286;1.92;0.63;9.95e+08
"CTAS";"Cintas Corporation";"Industrials";80.01;-0.84;760055;3.658;1.7;117300000
"CTL";"CenturyLink Inc";"Telecommunications Services";39.41;-0.45;3856682;1.429;2.16;570700000
"CTSH";"Cognizant Technology Solutions";"Information Technology";57.88;5.05;11625784;2.295;0;608900000
"CTXS";"Citrix Systems";"Information Technology";61.18;-0.87;1255693;1.469;0;163200000
"CVC";"Cablevision Systems Corp.";"Consumer Discretionary";19.85;1.28;5939386;1.149;0.6;273700000
"CVS";"CVS Caremark Corp.";"Consumer Staples";100.46;0.33;5714047;3.874;1.175;1152700000
"CVX";"Chevron Corp.";"Energy";108.35;-1.08;10176015;10.14;4.21;1890200000
"D";"Dominion Resources";"Utilities";77.63;-1.21;2138263;2.57;2.4;583900000
"DAL";"Delta Air Lines";"Industrials";46.96;2.06;12204291;0.78;0.3;8.25e+08
"DD";"Du Pont (E.I.)";"Materials";73.74;0.56;4947235;3.916;1.84;9.05e+08
"DE";"Deere & Co.";"Industrials";88.68;0.06;3042908;8.63;2.31;344300000
"DFS";"Discover Financial Services";"Financials";56.76;0.69;6332561;4.9;0.96;4.49e+08
"DG";"Dollar General";"Consumer Discretionary";68.81;0.44;3905375;3.342;0;303400000
"DGX";"Quest Diagnostics";"Health Care";71.6;-1.32;2029014;3.814;1.32;1.44e+08
"DHI";"D. R. Horton";"Consumer Discretionary";25.91;1.98;9857126;1.533;0.164;365400000
"DHR";"Danaher Corp.";"Industrials";84.34;-0.8;2864845;3.63;0.4;704300000
"DIS";"The Walt Disney Company";"Consumer Discretionary";101.28;7.63;32640456;4.26;1.15;1695300000
"DISCA";"Discovery Communications-A";"Consumer Discretionary";30.1;1.79;4554247;1.686;0;6.82e+08
"DISCK";"Discovery Communications-C";"Consumer Discretionary";28.945;2.01;2656313;1.686;0;6.82e+08
"DLPH";"Delphi Automotive";"Consumer Discretionary";72.75;0.01;2531938;4.288;0.75;296100000
"DLTR";"Dollar Tree";"Consumer Discretionary";75;0.82;5403331;2.913;0;205700000
"DNB";"Dun & Bradstreet";"Industrials";121.43;0.29;205596;7.437;1.76;35900000
"DNR";"Denbury Resources Inc.";"Energy";8.19;-4.99;23407772;1.019;0.252;348500000
"DO";"Diamond Offshore Drilling";"Energy";32.87;-3.07;1205192;2.76;3.5;137100000
"DOV";"Dover Corp.";"Industrials";72.26;-2.13;2122495;4.593;1.55;164600000
"DOW";"Dow Chemical";"Materials";46.22;-1.43;6620269;2.87;1.53;1146900000
"DPS";"Dr Pepper Snapple Group";"Consumer Staples";78.65;1.07;1249221;3.564;1.64;194400000
"DRI";"Darden Restaurants";"Consumer Discretionary";60.66;-0.16;1479200;5.06;2.2;124100000
"DTE";"DTE Energy Co.";"Utilities";88.62;-1.57;1018154;4.096;2.69;1.77e+08
"DTV";"DirecTV";"Consumer Discretionary";87.96;1.07;3682426;5.421;0;502200000
"DUK";"Duke Energy";"Utilities";85.98;-0.92;3686308;3.486;3.15;707300000
"DVA";"DaVita Inc.";"Health Care";75.96;0.48;853640;3.368;0;214900000
"DVN";"Devon Energy Corp.";"Energy";64;-0.11;5257023;5.428;0.94;409100000
"EA";"Electronic Arts";"Information Technology";54.555;0.06;3670303;2.593;0;3.11e+08
"EBAY";"eBay Inc.";"Information Technology";53.71;-1;6839873;-0.033;0;1.23e+09
"ECL";"Ecolab Inc.";"Materials";104.44;-1.55;1384065;3.759;1.155;300100000
"ED";"Consolidated Edison";"Utilities";68.23;-1.1;2353280;4.24;1.89;292900000
"EFX";"Equifax Inc.";"Financials";85.03;-0.32;751592;2.78;1;120600000
"EIX";"Edison Int'l";"Utilities";67.5;-0.62;1384964;4.541;1.482;325800000
"EL";"Estee Lauder Cos.";"Consumer Staples";72.55;-0.4;2392588;2.891;0.84;379600000
"EMC";"EMC Corp.";"Information Technology";26.84;0.04;13264773;1.32;0.445;1.985e+09
"EMN";"Eastman Chemical";"Materials";71.81;-1.79;1758057;4.963;1.45;148600000
"EMR";"Emerson Electric";"Industrials";57.33;-3.55;10933917;3.03;1.76;693600000
"ENDP";"Endo International";"Health Care";77.57;-2.3;3028716;-10.521;0;153700000
"EOG";"EOG Resources";"Energy";95.19;-1.16;9869106;5.57;0.586;5.48e+08
"EQR";"Equity Residential";"Financials";78.94;1.22;2702182;1.443;2;362400000
"EQT";"EQT Corporation";"Energy";74.5;-3.07;2624093;3.382;0.12;151500000
"ESRX";"Express Scripts";"Health Care";82.34;0.57;6078361;2.487;0;733900000
"ESS";"Essex Property Trust Inc";"Financials";228.16;-0.1;350472;2.153;5.11;63900000
"ESV";"Ensco plc";"Energy";28.38;-5.21;5555903;-0.435;3;234400000
"ETFC";"E-Trade";"Financials";25.3;1.95;5560212;1;0;289200000
"ETN";"Eaton Corporation";"Industrials";68.48;-1.88;4301176;3.53;1.96;474600000
"ETR";"Entergy Corp.";"Utilities";87.47;-2.18;1581846;5.393;3.32;180500000
"EW";"Edwards Lifesciences";"Health Care";134.85;6.18;2069921;7.154;0;1.07e+08
"EXC";"Exelon Corp.";"Utilities";36.19;-2;6137143;2.44;1.24;859500000
"EXPD";"Expeditors Int'l";"Industrials";44.07;-0.54;1050047;1.798;0.64;1.93e+08
"EXPE";"Expedia Inc.";"Consumer Discretionary";87.87;0.06;1823178;3.182;0.66;126600000
"F";"Ford Motor";"Consumer Discretionary";15.87;1.41;41179484;0.798;0.525;3848700000
"FAST";"Fastenal Co";"Industrials";42.22;-7.78;9099765;1.66;1.03;295900000
"FB";"Facebook";"Information Technology";75.63;0.31;20277368;1.112;0;2799200000
"FCX";"Freeport-McMoran Cp & Gld";"Materials";18.29;-3.64;22443860;-1.26;1.252;1.039e+09
"FDO";"Family Dollar Stores";"Consumer Discretionary";77.35;-0.18;2486387;2.169;0.93;114400000
"FDX";"FedEx Corporation";"Industrials";172.08;-0.51;1442277;7.894;0.75;283300000
"FE";"FirstEnergy Corp";"Utilities";40.16;0.2;4783528;1.784;1.08;420800000
"FFIV";"F5 Networks";"Information Technology";110.1;-2;1627125;4.432;0;72700000
"FIS";"Fidelity National Information Services";"Information Technology";64.49;0.25;1378737;1.919;0.96;283700000
"FISV";"Fiserv Inc";"Information Technology";75.795;1.75;2178152;3.09;0;2.44e+08
"FITB";"Fifth Third Bancorp";"Financials";18.35;0.55;13803769;1.66;0.51;8.24e+08
"FLIR";"FLIR Systems";"Industrials";31.19;-0.03;860353;1.089;0.4;140900000
"FLR";"Fluor Corp.";"Industrials";54.35;-4.18;2452131;2.859;0.84;156200000
"FLS";"Flowserve Corporation";"Industrials";56.95;-3.34;1293972;3.605;0.64;136300000
"FMC";"FMC Corporation";"Materials";58.88;-0.98;1292086;1.921;0.6;133300000
"FOSL";"Fossil, Inc.";"Consumer Discretionary";98.98;-3.89;1359110;6.866;0;51100000
"FOXA";"Twenty-First Century Fox";"Consumer Discretionary";34.66;0.16;22721362;1.921;0.25;2156100000
"FSLR";"First Solar Inc";"Information Technology";46.98;-2.45;2236844;2.664;0;100200000
"FTI";"FMC Technologies Inc.";"Energy";38.68;-2.03;3841537;2.99;0;233800000
"FTR";"Frontier Communications";"Telecommunications Services";7.28;-0.82;12273846;0.185;0.4;1002100000
"GAS";"AGL Resources Inc.";"Utilities";56.52;-1.17;593032;3.443;1.96;119600000
"GCI";"Gannett Co.";"Consumer Discretionary";33.03;-0.87;2103539;2.05;0.8;225800000
"GD";"General Dynamics";"Industrials";138.53;-0.3;1500466;7.42;2.48;3.3e+08
"GE";"General Electric";"Industrials";24.16;-1.27;33236000;1.499;0.89;10049700000
"GGP";"General Growth Properties Inc.";"Financials";30.53;0;4829585;0.688;0.63;884400000
"GILD";"Gilead Sciences";"Health Care";98.43;-8.16;59415804;5.613;0;1508700000
"GIS";"General Mills";"Consumer Staples";53.22;-0.08;2434766;2.398;1.64;603700000
"GLW";"Corning Inc.";"Industrials";24.27;-0.33;9187695;1.732;0.4;1.274e+09
"GM";"General Motors";"Consumer Discretionary";35.83;5.44;49298112;1.556;1.2;1606700000
"GMCR";"Keurig Green Mountain";"Consumer Staples";121.2;-3.88;6190272;3.74;1.037;1.62e+08
"GME";"GameStop Corp.";"Consumer Discretionary";36.63;-2.32;2038108;3.213;1.32;108500000
"GNW";"Genworth Financial Inc.";"Financials";7.46;-2.36;5833174;-0.557;0;496600000
"GOOG";"Google Inc Class C";"Information Technology";522.76;-1.22;1659125;21.021;0;680200000
"GOOGL";"Google Inc Class A";"Information Technology";526.1;-1.35;1694832;21.021;0;680100000
"GPC";"Genuine Parts";"Consumer Discretionary";95.5;-2.47;1573716;4.499;2.3;152900000
"GPS";"Gap (The)";"Consumer Discretionary";42.19;-0.02;2670379;2.789;0.88;423600000
"GRMN";"Garmin Ltd.";"Consumer Discretionary";53.23;-0.78;919280;1.624;1.89;191200000
"GS";"Goldman Sachs Group";"Financials";178.78;-0.81;2980541;17.069;2.25;451500000
"GT";"Goodyear Tire & Rubber";"Consumer Discretionary";24.95;1.26;4371266;1.993;0.23;274500000
"GWW";"Grainger (W.W.) Inc.";"Industrials";239.16;-2.21;1554268;11.448;4.17;67400000
"HAL";"Halliburton Co.";"Energy";42.39;-2.15;18881828;4.105;0.63;8.48e+08
"HAR";"Harman Int'l Industries";"Consumer Discretionary";131.97;-1.84;1361840;4.513;1.26;68600000
"HAS";"Hasbro Inc.";"Consumer Discretionary";56.58;0.77;1315366;2.86;1.72;125700000
"HBAN";"Huntington Bancshares";"Financials";10.22;-1.45;15902284;0.72;0.21;811400000
"HCA";"HCA Holdings";"Health Care";68.96;-1.33;5677394;3.91;0;433600000
"HCBK";"Hudson City Bancorp";"Financials";9.44;0.32;2506574;0.317;0.16;499600000
"HCN";"Health Care REIT, Inc.";"Financials";80.72;-1.27;2596933;0.901;3.18;327700000
"HCP";"HCP Inc.";"Financials";45.36;-3.1;5656535;2.221;2.18;459300000
"HD";"Home Depot";"Consumer Discretionary";108.41;1.09;6766242;4.382;1.88;1318100000
"HES";"Hess Corporation";"Energy";72.01;-0.92;3624952;7.53;1;2.89e+08
"HIG";"Hartford Financial Svc.Gp.";"Financials";39.75;0.3;4703742;1.841;0.66;431500000
"HOG";"Harley-Davidson";"Consumer Discretionary";62.76;-1.15;1276647;3.88;1.1;213100000
"HON";"Honeywell Int'l Inc.";"Industrials";100.75;-0.51;2464495;5.33;1.868;783800000
"HOT";"Starwood Hotels & Resorts";"Consumer Discretionary";73.69;-0.78;1808950;2.774;4;178600000
"HP";"Helmerich & Payne";"Energy";65.72;-3.14;5031461;6.715;2.626;1.08e+08
"HPQ";"Hewlett-Packard";"Information Technology";37.9;0.34;10479717;2.62;0.625;1834100000
"HRB";"Block H&R";"Financials";34.86;-0.17;3272967;1.683;0.8;275200000
"HRL";"Hormel Foods Corp.";"Consumer Staples";53.96;3.23;1658129;2.23;0.85;263600000
"HRS";"Harris Corporation";"Information Technology";68.68;-0.71;919686;4.97;1.78;104600000
"HSP";"Hospira Inc.";"Health Care";64.8;1.73;1099024;1.957;0;169200000
"HST";"Host Hotels & Resorts";"Financials";23.07;-1.03;4791015;0.79;0.75;757300000
"HSY";"The Hershey Company";"Consumer Staples";105.7;0.96;1555406;3.77;2.04;221400000
"HUM";"Humana Inc.";"Health Care";150.54;1.32;1784261;6.183;1.11;153300000
"IBM";"International Bus. Machines";"Information Technology";156.96;-0.95;3678459;11.898;4.25;990700000
"ICE";"Intercontinental Exchange";"Financials";215;1.72;1059568;4.695;2.6;1.15e+08
"IFF";"Intl Flavors & Fragrances";"Materials";107.71;-0.27;289326;4.698;1.72;8.1e+07
"INTC";"Intel Corp.";"Information Technology";33.6;-0.3;25052752;2.31;0.675;4767900000
"INTU";"Intuit Inc.";"Information Technology";90.54;0.04;1483457;2.878;0.88;285500000
"IP";"International Paper";"Materials";54.36;1.17;2943807;1.28;1.4403;418700000
"IPG";"Interpublic Group";"Consumer Discretionary";20.58;-0.15;2572325;0.831;0.38;418200000
"IR";"Ingersoll-Rand PLC";"Industrials";66.81;-0.95;2005880;3.397;1;269500000
"IRM";"Iron Mountain Incorporated";"Industrials";40.55;0.87;960124;1.871;2.3371;193700000
"ISRG";"Intuitive Surgical Inc.";"Health Care";504.92;-0.74;171765;11.11;0;36400000
"ITW";"Illinois Tool Works";"Industrials";95.85;-0.02;2111202;6.966;1.81;390900000
"IVZ";"Invesco Ltd.";"Financials";38.46;-0.54;2869468;2.271;0.975;433200000
"JCI";"Johnson Controls";"Consumer Discretionary";48.11;-0.78;3518532;1.865;0.92;657300000
"JEC";"Jacobs Engineering Group";"Industrials";39.8;-3.21;1948165;2.538;0;130600000
"JNJ";"Johnson & Johnson";"Health Care";101.36;-1.07;9514074;5.7;2.76;2798900000
"JNPR";"Juniper Networks";"Information Technology";22.74;-2.07;5677269;-0.731;0.2;426100000
"JOY";"Joy Global Inc.";"Industrials";43.37;-1.81;1171994;3.28;0.775;97400000
"JPM";"JPMorgan Chase & Co.";"Financials";56.38;-0.6;14934076;5.29;1.58;3.73e+09
"JWN";"Nordstrom";"Consumer Discretionary";78.9;0.01;1208675;3.771;1.32;190200000
"K";"Kellogg Co.";"Consumer Staples";66.64;-0.02;1520306;4.814;1.9;3.55e+08
"KEY";"KeyCorp";"Financials";13.55;-0.22;6868221;0.996;0.25;859400000
"KIM";"Kimco Realty";"Financials";27.69;-1.32;4798358;0.906;0.915;411400000
"KLAC";"KLA-Tencor Corp.";"Information Technology";63.155;-0.5;1512392;2.549;18.4;162700000
"KMB";"Kimberly-Clark";"Consumer Staples";109.86;-0.28;1764533;4.042;3.2561;365300000
"KMI";"Kinder Morgan";"Energy";40.8;-1.64;12786318;0.902;1.74;2.133e+09
"KMX";"Carmax Inc";"Consumer Discretionary";64.46;1.11;1567814;2.484;0;2.1e+08
"KO";"The Coca Cola Company";"Consumer Staples";41.68;0.12;16399992;1.799;1.22;4.381e+09
"KORS";"Michael Kors Holdings";"Consumer Discretionary";71.38;-1.16;5098591;3.8;0;204800000
"KR";"Kroger Co.";"Consumer Staples";71.35;1.21;5796665;3.221;0.68;491300000
"KRFT";"Kraft Foods Group";"Consumer Staples";67.075;0.16;2378237;3.929;2.15;588800000
"KSS";"Kohl's Corp.";"Consumer Discretionary";66.87;6.35;11152022;4.012;1.56;2.02e+08
"KSU";"Kansas City Southern";"Industrials";114.37;-0.46;818542;4.55;1.12;110400000
"L";"Loews Corp.";"Financials";40.4;0.22;1565532;0.48;0.252;374100000
"LB";"L Brands Inc.";"Consumer Discretionary";86.51;-0.63;2120550;3.244;2.36;292700000
"LEG";"Leggett & Platt";"Industrials";43.8;0.62;1138032;0.684;1.22;137800000
"LEN";"Lennar Corp.";"Consumer Discretionary";46.47;2.29;5252039;2.803;0.16;2.05e+08
"LH";"Laboratory Corp. of America Holding";"Health Care";117.05;0.14;1640894;5.962;0;84500000
"LLL";"L-3 Communications Holdings";"Industrials";127.08;0.13;648939;7.56;2.4;84400000
"LLTC";"Linear Technology Corp.";"Information Technology";45.745;-0.74;3092396;2.039;1.08;2.44e+08
"LLY";"Lilly (Eli) & Co.";"Health Care";70.22;-0.95;5376408;2.225;1.96;1069800000
"LM";"Legg Mason";"Financials";56.79;-0.07;1059098;1.902;0.61;114100000
"LMT";"Lockheed Martin Corp.";"Industrials";192.28;0.15;1230868;11.21;5.49;3.14e+08
"LNC";"Lincoln National";"Financials";53.2;-0.02;3780779;5.618;0.68;259800000
"LO";"Lorillard Inc.";"Consumer Staples";66.15;-0.47;1721732;3.139;2.46;3.6e+08
"LOW";"Lowe's Cos.";"Consumer Discretionary";70.67;1.49;6143680;2.52;0.87;972900000
"LRCX";"Lam Research";"Information Technology";77.44;-0.24;2113106;4.036;0.54;159300000
"LUK";"Leucadia National Corp.";"Financials";23.27;-0.13;1346901;0.587;0.252;368400000
"LUV";"Southwest Airlines";"Industrials";44.64;3.21;8900544;1.64;0.22;6.77e+08
"LVLT";"Level 3 Communications";"Telecommunications Services";52.5;2.16;7592119;1.109;0;3.36e+08
"LYB";"LyondellBasell";"Materials";85.35;-1.78;6207116;8.482;2.7;500700000
"M";"Macy's Inc.";"Consumer Discretionary";64.89;-1.79;5723184;4.2;1.189;345300000
"MA";"Mastercard Inc.";"Information Technology";84.18;0.44;4924208;3.1;0.49;1152600000
"MAC";"Macerich";"Financials";88.08;-0.35;932247;1.521;2.51;140700000
"MAR";"Marriott Int'l.";"Consumer Discretionary";75.94;-0.9;2261605;2.347;0.77;283400000
"MAS";"Masco Corp.";"Industrials";26.12;0.58;5119933;2.193;0.345;356300000
"MAT";"Mattel Inc.";"Consumer Discretionary";27.925;-0.5;3800278;1.45;1.52;338400000
"MCD";"McDonald's Corp.";"Consumer Discretionary";94.05;0.14;6464783;4.82;3.28;973200000
"MCHP";"Microchip Technology";"Information Technology";46.33;1.63;3614726;1.708;1.424;201200000
"MCK";"McKesson Corp.";"Health Care";210.84;-1.07;1683829;5.579;0.96;231900000
"MCO";"Moody's Corp";"Financials";92.22;-0.51;1358521;4.419;1.12;208600000
"MDLZ";"Mondelez International";"Consumer Staples";36.015;-0.12;7244788;1.989;0.58;1679900000
"MDT";"Medtronic Inc.";"Health Care";74.13;-0.88;7378251;2.886;1.195;984300000
"MET";"MetLife Inc.";"Financials";48.77;0.02;10831208;4.888;1.05;1.136e+09
"MHFI";"McGraw Hill Financial";"Financials";94.84;0.92;2016221;3.26;1.2;271500000
"MHK";"Mohawk Industries";"Consumer Discretionary";168.34;-0.43;553593;6.538;0;72900000
"MJN";"Mead Johnson";"Consumer Staples";99.49;-0.59;1198266;3.54;1.5;203100000
"MKC";"McCormick & Co.";"Consumer Staples";73.69;0.37;687231;3.34;1.51;128300000
"MLM";"Martin Marietta Materials";"Materials";114.98;-0.19;758613;2.449;1.6;67300000
"MMC";"Marsh & McLennan";"Financials";55.33;0.4;2289369;2.652;1.09;540900000
"MMM";"3M Company";"Industrials";164.81;-0.68;2363803;7.49;3.42;635300000
"MNK";"Mallinckrodt Plc";"Health Care";105.83;0.86;1539480;-4.921;0;116300000
"MNST";"Monster Beverage";"Consumer Staples";118.73;1.77;907378;2.501;0;167600000
"MO";"Altria Group Inc";"Consumer Staples";54.03;-0.42;8191554;2.557;2;1967400000
"MON";"Monsanto Co.";"Materials";119.06;-1.07;2418961;5.091;1.84;483300000
"MOS";"The Mosaic Company";"Materials";49.34;-1.56;2907530;0.759;1;371300000
"MPC";"Marathon Petroleum";"Energy";96.19;0.39;4559819;8.023;1.84;280200000
"MRK";"Merck & Co.";"Health Care";59.05;-3.23;19446708;1.837;1.77;2850100000
"MRO";"Marathon Oil Corp.";"Energy";27.98;-2.81;11043632;3.613;0.8;674900000
"MS";"Morgan Stanley";"Financials";34.77;-0.77;10246288;2.953;0.4;1.951e+09
"MSFT";"Microsoft Corp.";"Information Technology";41.84;0.58;41614812;2.479;1.15;8202700000
"MSI";"Motorola Solutions Inc.";"Information Technology";63.94;-0.11;3794239;5.631;1.3;240700000
"MTB";"M&T Bank Corp.";"Financials";118.59;0.25;866456;7.42;2.8;132400000
"MU";"Micron Technology";"Information Technology";29.03;0.29;20932848;3.078;0;1077300000
"MUR";"Murphy Oil";"Energy";49.17;-1.48;2875600;5.027;1.326;177500000
"MWV";"MeadWestvaco Corporation";"Materials";51.05;0.71;1399498;1.533;1;1.7e+08
"MYL";"Mylan Inc.";"Health Care";53.22;-2.51;3370530;2.31;0;374300000
"NAVI";"Navient";"Financials";21;-0.38;2554434;2.69;0.45;4.02e+08
"NBL";"Noble Energy Inc";"Energy";47.89;-4.62;4475803;2.579;0.68;3.62e+08
"NBR";"Nabors Industries Ltd.";"Energy";12.15;-4.03;11533088;1.237;0.2;289500000
"NDAQ";"NASDAQ OMX Group";"Financials";47.6;1.17;1124044;2.39;0.58;168200000
"NE";"Noble Corp";"Energy";17.13;-4.67;8502510;3.072;1.4056;252200000
"NEE";"NextEra Energy";"Utilities";109.44;-0.73;1563779;5.6;2.9;4.42e+08
"NEM";"Newmont Mining Corp. (Hldg. Co.)";"Materials";24.82;0.81;7071111;-1.245;0.225;498800000
"NFLX";"Netflix Inc.";"Information Technology";448.71;-1.8;1778706;4.32;0;60500000
"NFX";"Newfield Exploration Co";"Energy";30.99;-3.7;4398118;3.919;0;135300000
"NI";"NiSource Inc.";"Utilities";44.55;-0.96;2548789;1.673;1.02;315700000
"NKE";"NIKE Inc.";"Consumer Discretionary";92.54;-0.87;3593657;3.358;1;863900000
"NLSN";"Nielsen Holdings";"Industrials";43.75;-0.91;3014500;0.952;0.95;381100000
"NOC";"Northrop Grumman Corp.";"Industrials";161.84;0.85;1627830;9.402;2.71;2.02e+08
"NOV";"National Oilwell Varco Inc.";"Energy";52.33;-3.24;12118616;5.971;1.6144;430600000
"NRG";"NRG Energy";"Utilities";26.04;0;5278601;-0.88;0.565;338100000
"NSC";"Norfolk Southern Corp.";"Industrials";106.35;-0.31;2845673;6.39;1.68;308200000
"NTAP";"NetApp";"Information Technology";38.92;-0.87;2634445;1.907;0.645;311700000
"NTRS";"Northern Trust Corp.";"Financials";67.75;-0.57;1255859;3.32;1.3;233400000
"NU";"Northeast Utilities";"Utilities";55.61;-0.77;1739280;2.45;1.572;316800000
"NUE";"Nucor Corp.";"Materials";45.5;-0.5;3462565;2.22;1.482;320200000
"NVDA";"Nvidia Corporation";"Information Technology";20.16;0.25;4537872;1.022;0.34;543600000
"NWL";"Newell Rubbermaid Co.";"Consumer Discretionary";37.66;-1.21;3356849;1.357;0.66;272700000
"NWSA";"News Corporation";"Consumer Discretionary";15.59;-0.13;2873674;0.47;0;580100000
"OI";"Owens-Illinois Inc";"Materials";24.22;-0.62;3029300;0.871;0;164400000
"OKE";"ONEOK";"Energy";45.47;-2.8;2214187;1.468;2.73;208200000
"OMC";"Omnicom Group";"Consumer Discretionary";74.08;-0.22;1062151;4.081;1.9;248200000
"ORCL";"Oracle Corp.";"Information Technology";42.42;-1.44;12912026;2.404;0.48;4391800000
"ORLY";"O'Reilly Automotive";"Consumer Discretionary";192.71;-0.29;1058082;6.971;0;101400000
"OXY";"Occidental Petroleum";"Energy";80.85;-1.58;6871349;0.789;2.7929;775400000
"PAYX";"Paychex Inc.";"Information Technology";47.07;0.34;2252855;1.77;1.49;363100000
"PBCT";"People's United Bank";"Financials";14.42;-1.17;3209648;0.84;0.66;300100000
"PBI";"Pitney-Bowes";"Industrials";22.28;-3.17;2670408;1.635;0.752;201700000
"PCAR";"PACCAR Inc.";"Industrials";62.46;-0.46;1966741;3.82;1.86;355200000
"PCG";"P G & E Corp.";"Utilities";57.91;-1.6;3780499;2.994;1.82;475100000
"PCL";"Plum Creek Timber Co.";"Financials";44.56;-0.54;794029;1.21;1.76;175900000
"PCLN";"Priceline.com Inc";"Consumer Discretionary";1028.28;-0.89;557866;44.273;0;52400000
"PCP";"Precision Castparts";"Industrials";204.74;-1.71;1877099;12.971;0.12;142500000
"PDCO";"Patterson Companies";"Health Care";50.69;0.2;524454;2.151;0.8;98800000
"PEG";"Public Serv. Enterprise Inc.";"Utilities";42.18;-2.36;3717040;2.44;1.48;5.06e+08
"PEP";"PepsiCo Inc.";"Consumer Staples";96.6;0.42;5064710;4.521;2.533;1496900000
"PETM";"PetSmart, Inc.";"Consumer Discretionary";82.54;0.11;2131909;4.231;0.585;99400000
"PFE";"Pfizer Inc.";"Health Care";32.07;1.04;36690112;1.417;0.78;6301800000
"PFG";"Principal Financial Group";"Financials";48.45;-0.94;1497717;3.65;1.28;293900000
"PG";"Procter & Gamble";"Consumer Staples";85.79;-0.19;9212785;3.305;2.576;2700800000
"PGR";"Progressive Corp.";"Financials";26.1;0;3317144;2.15;0.686;587800000
"PH";"Parker-Hannifin";"Industrials";119.72;-1.26;1094890;7.25;2.07;145500000
"PHM";"Pulte Homes Inc.";"Consumer Discretionary";21.59;2.37;8005792;1.26;0.23;369500000
"PKI";"PerkinElmer";"Health Care";45.99;-1.79;977295;1.387;0.28;113400000
"PLD";"Prologis";"Financials";45.17;-0.11;2976192;1.243;1.32;509500000
"PLL";"Pall Corp.";"Industrials";99.21;-0.94;322484;3.434;1.13;106500000
"PM";"Philip Morris International";"Consumer Staples";82.08;-0.19;5151069;4.963;3.88;1553400000
"PNC";"PNC Financial Services";"Financials";87.75;0.16;3292890;7.296;1.92;5.23e+08
"PNR";"Pentair Ltd.";"Industrials";63.53;-3.29;2209816;1.269;1.17;186800000
"PNW";"Pinnacle West Capital";"Utilities";69.8;-0.94;809357;3.75;2.326;110400000
"POM";"Pepco Holdings Inc.";"Utilities";27.33;-0.36;1072140;1.058;1.08;251900000
"PPG";"PPG Industries";"Materials";227.45;0.24;549950;15.03;2.62;137200000
"PPL";"PPL Corp.";"Utilities";35.81;-1.57;4131882;1.435;1.492;665100000
"PRGO";"Perrigo";"Health Care";151.48;0.09;1528954;1.511;0.42;1.34e+08
"PRU";"Prudential Financial";"Financials";79.89;-0.25;3333655;5.094;2.17;4.58e+08
"PSA";"Public Storage";"Financials";202.66;-0.18;679587;5.02;5.6;172700000
"PSX";"Phillips 66";"Energy";74.42;-0.61;5352983;8.335;1.89;5.46e+08
"PVH";"PVH Corp.";"Consumer Discretionary";106.96;-5.96;2629514;4.217;0.152;82500000
"PWR";"Quanta Services Inc.";"Industrials";28.23;-2.72;2492338;1.813;0;217700000
"PX";"Praxair Inc.";"Materials";122.71;-0.62;1394402;5.73;2.6;290700000
"PXD";"Pioneer Natural Resources";"Energy";157.51;-2.54;2271191;-6.123;0.08;143100000
"QCOM";"QUALCOMM Inc.";"Information Technology";66.96;0;13089575;4.732;1.61;1650200000
"QEP";"QEP Resources";"Energy";21.2;-2.93;3416723;0.37;0.08;180100000
"R";"Ryder System";"Industrials";88.46;-0.09;1295505;5.106;1.42;5.3e+07
"RAI";"Reynolds American Inc.";"Consumer Staples";69.57;-0.49;1649779;3.001;2.68;531300000
"RCL";"Royal Caribbean Cruises Ltd";"Consumer Discretionary";74.34;-0.88;2326092;3.43;1.1;219300000
"REGN";"Regeneron";"Health Care";401.36;-1.92;1195091;2.925;0;100800000
"RF";"Regions Financial Corp.";"Financials";9.04;-0.77;17204528;0.799;0.18;1.354e+09
"RHI";"Robert Half International";"Industrials";61.15;0.91;838875;2.26;0.72;133400000
"RHT";"Red Hat Inc.";"Information Technology";64.79;-0.31;1310871;0.94;0;183400000
"RIG";"Transocean";"Energy";17.73;-3.64;12907273;-2.612;2.81;362300000
"RL";"Polo Ralph Lauren Corp.";"Consumer Discretionary";139.71;-18.22;10498571;8.313;1.8;87700000
"ROK";"Rockwell Automation Inc.";"Industrials";112.1;-1.95;1373772;6.06;2.39;136900000
"ROP";"Roper Industries";"Industrials";158.12;-0.96;423318;6.4;0.85;100200000
"ROST";"Ross Stores";"Consumer Discretionary";94.74;0.16;1653733;4.24;0.8;208500000
"RRC";"Range Resources Corp.";"Energy";49.94;-2.82;3869609;2.28;0.16;165400000
"RSG";"Republic Services Inc";"Industrials";40.55;-0.1;1125097;2.042;1.08;355500000
"RTN";"Raytheon Co.";"Industrials";107.13;0.71;2466728;7.178;2.42;309100000
"SBUX";"Starbucks Corp.";"Consumer Discretionary";88.7;0.24;5748349;3.298;1.16;749800000
"SCG";"SCANA Corp";"Utilities";63.32;-0.69;1206549;3.791;2.1;142500000
"SCHW";"Charles Schwab Corporation";"Financials";27.61;-0.04;6595285;0.95;0.18;1305800000
"SE";"Spectra Energy Corp.";"Energy";34.67;-0.77;6994404;1.49;1.375;6.71e+08
"SEE";"Sealed Air Corp.(New)";"Materials";41.65;0.34;1725781;1.016;0.52;211200000
"SHW";"Sherwin-Williams";"Materials";274.1;0.19;761667;8.78;2.2;9.6e+07
"SIAL";"Sigma-Aldrich";"Materials";137.57;-0.07;585759;4.14;0.92;119100000
"SJM";"Smucker (J.M.)";"Consumer Staples";112.1;5.87;6184203;5.461;2.44;101800000
"SLB";"Schlumberger Ltd.";"Energy";84.55;-2.91;12071655;4.153;1.6;1.275e+09
"SNA";"Snap-On Inc.";"Consumer Discretionary";131.45;-1.31;591814;6.78;1.85;58100000
"SNDK";"SanDisk Corporation";"Information Technology";77.9;-0.97;3377622;4.23;0.825;217300000
"SNI";"Scripps Networks Interactive Inc.";"Consumer Discretionary";74.08;0.65;930646;3.604;0.8;137100000
"SO";"Southern Co.";"Utilities";49.46;-2.64;10485621;2.341;1.575;899800000
"SPG";"Simon Property Group Inc";"Financials";201.83;0.87;1716208;4.52;4.9989;310800000
"SPLS";"Staples Inc.";"Consumer Discretionary";16.73;-11.99;65259176;0.931;0.48;639800000
"SRCL";"Stericycle Inc";"Industrials";133.34;-0.11;478672;3.72;0;84900000
"SRE";"Sempra Energy";"Utilities";112.03;-1.56;940649;4.569;2.64;246100000
"STI";"SunTrust Banks";"Financials";39.59;-0.35;3317544;3.23;0.7;521800000
"STJ";"St Jude Medical";"Health Care";66.53;-1.7;2965683;3.459;1.08;290600000
"STZ";"Constellation Brands";"Consumer Staples";112.06;0.66;1355591;3.894;0;193500000
"STT";"State Street Corp.";"Financials";73.77;-1.14;2922831;4.69;1.16;415200000
"STX";"Seagate Technology";"Information Technology";59.93;1.15;4049131;6.03;1.4;328300000
"SWK";"Stanley Black & Decker";"Consumer Discretionary";95.68;-0.83;1722106;4.767;2.04;155800000
"SWN";"Southwestern Energy";"Energy";25.92;-2.48;9250059;2.15;0;351500000
"SYK";"Stryker Corp.";"Health Care";92.47;-0.29;1557673;1.34;1.26;378500000
"SYMC";"Symantec Corp.";"Information Technology";25.6;0.53;3041694;1.411;0.6;690200000
"SYY";"Sysco Corp.";"Consumer Staples";39.86;0.81;4728672;1.47;1.17;591100000
"ZION";"Zions Bancorp";"Financials";24.82;-1.9;2697791;1.71;0.16;2.03e+08
"ZMH";"Zimmer Holdings";"Health Care";115.52;-0.98;1110282;4.19;0.88;169500000
"ZTS";"Zoetis";"Health Care";43.46;-0.09;5102908;1.12;0.299;501300000
"T";"AT&T Inc";"Telecommunications Services";34.41;0.2;29862264;1.19;1.85;5187400000
"TAP";"Molson Coors Brewing Company";"Consumer Staples";77.67;-0.22;949866;3;1.48;185300000
"TDC";"Teradata Corp.";"Information Technology";46.98;0.62;3131534;2.256;0;1.53e+08
"TE";"TECO Energy";"Utilities";21.49;-0.88;5296601;0.735;0.88;234700000
"TEG";"Integrys Energy Group Inc.";"Utilities";80.54;-0.9;260063;4.638;2.72;79500000
"TEL";"TE Connectivity Ltd.";"Information Technology";67.97;-0.31;1811619;4.566;1.12;406200000
"TGT";"Target Corp.";"Consumer Discretionary";75.61;-0.34;5670176;2.38;1.9;6.37e+08
"THC";"Tenet Healthcare Corp.";"Health Care";43.42;-1.74;1988566;-0.746;0;98300000
"TIF";"Tiffany & Co.";"Consumer Discretionary";88.42;-1.76;1190484;1.43;1.48;129300000
"TJX";"TJX Companies Inc.";"Consumer Discretionary";67.87;0.85;3637522;3.022;0.67;688900000
"TMK";"Torchmark Corp.";"Financials";51.93;1.84;1398465;4.01;0.5073;128600000
"TMO";"Thermo Fisher Scientific";"Health Care";126.35;-0.77;1531088;4.707;0.6;400400000
"TRIP";"TripAdvisor";"Consumer Discretionary";71.18;0.52;1724713;1.441;0;142900000
"TROW";"T. Rowe Price Group";"Financials";81.055;-0.24;1116859;4.55;1.76;261100000
"TRV";"The Travelers Companies Inc.";"Financials";106.73;0.65;2308157;10.7;2.15;322200000
"TSCO";"Tractor Supply Company";"Consumer Discretionary";83.36;0.3;862725;2.66;0.61;136200000
"TSN";"Tyson Foods";"Consumer Staples";39.25;0.98;4730078;2.413;0.325;374600000
"TSO";"Tesoro Petroleum Co.";"Energy";85.21;0.15;2462487;5.223;1.1;127900000
"TSS";"Total System Services";"Information Technology";36.14;-1.18;1162265;1.714;0.4;183300000
"TWC";"Time Warner Cable Inc.";"Consumer Discretionary";145.53;1.9;6708652;7.17;3;280800000
"TWX";"Time Warner Inc.";"Consumer Discretionary";80.14;-0.24;6374070;4.548;1.2458;838500000
"TXN";"Texas Instruments";"Information Technology";54.615;0.32;7963038;2.572;1.28;1046600000
"TXT";"Textron Inc.";"Industrials";43.11;-0.62;1699157;2.129;0.08;279800000
"TYC";"Tyco International";"Industrials";41.41;-1.05;3213511;3.823;0.72;4.2e+08
"UA";"Under Armour";"Consumer Discretionary";73.57;1.02;4461656;0.839;0;213700000
"UHS";"Universal Health Services, Inc.";"Health Care";105.23;0.35;591920;4.96;0.3;9.9e+07
"UNH";"United Health Group Inc.";"Health Care";107.92;0.1;4768858;5.699;1.405;972900000
"UNM";"Unum Group";"Financials";32.4;-1.52;3879333;3.54;0.64;2.52e+08
"UNP";"Union Pacific";"Industrials";120.44;-1.11;3088143;5.75;1.91;885900000
"UPS";"United Parcel Service";"Industrials";100.53;-0.04;4278586;4.024;2.68;905200000
"URBN";"Urban Outfitters";"Consumer Discretionary";36.025;-0.12;1691498;1.691;0;131600000
"URI";"United Rentals, Inc.";"Industrials";89;-1.21;2760841;5.15;0;96500000
"USB";"U.S. Bancorp";"Financials";43.58;0.69;9661810;3.08;0.965;1.786e+09
"UTX";"United Technologies";"Industrials";117.79;-0.93;3208352;6.82;2.36;894800000
"V";"Visa Inc.";"Information Technology";264.89;1.96;5542733;8.946;1.68;628200000
"VAR";"Varian Medical Systems";"Health Care";91.91;-0.8;1283012;3.842;0;100500000
"WAT";"Waters Corporation";"Health Care";119.13;-0.29;301479;5.07;0;83200000
"WBA";"Walgreens Boots Alliance";"Consumer Staples";74.67;-0.16;3381679;0;1.306;NA
"WDC";"Western Digital";"Information Technology";104.04;3.33;4537801;6.553;1.5;2.33e+08
"WEC";"Wisconsin Energy Corporation";"Utilities";55.31;-1.16;1437686;2.68;1.17;225500000
"VFC";"V.F. Corp.";"Consumer Discretionary";68.88;-3.18;7709868;2.921;1.109;431900000
"WFC";"Wells Fargo";"Financials";53.03;-0.13;14435564;4.1;1.05;5170700000
"WFM";"Whole Foods Market";"Consumer Staples";53.68;0.51;4026831;1.56;0.49;359700000
"WHR";"Whirlpool Corp.";"Consumer Discretionary";214.88;6.87;2154341;9.426;2.875;77900000
"VIAB";"Viacom Inc.";"Consumer Discretionary";66.08;-1.03;4305214;5.442;1.29;405800000
"WIN";"Windstream Communications";"Telecommunications Services";8.49;-0.59;4981268;0.255;1;602700000
"VLO";"Valero Energy";"Energy";54.29;-0.17;7770524;6.849;1.05;521200000
"WM";"Waste Management Inc.";"Industrials";52.22;-0.04;1773767;0.222;1.5;457900000
"WMB";"Williams Cos.";"Energy";45.36;-1.56;6519397;2.686;1.958;747500000
"VMC";"Vulcan Materials";"Materials";71.47;-0.49;1541622;1.33;0.22;131700000
"WMT";"Wal-Mart Stores";"Consumer Staples";86.65;0.53;8932258;4.871;1.92;3223300000
"VNO";"Vornado Realty Trust";"Financials";111.58;-0.38;622034;1.074;14.4937;187700000
"VRSN";"Verisign Inc.";"Information Technology";56.88;-0.8;1686232;4.02;0;121100000
"VRTX";"Vertex Pharmaceuticals Inc";"Health Care";109.27;0.51;2302622;-3.144;0;241800000
"VZ";"Verizon Communications";"Telecommunications Services";47.8;-0.06;19937396;2.42;2.16;4154800000
"VTR";"Ventas Inc";"Financials";78.57;-1.45;4092927;1.611;3.176;294300000
"WU";"Western Union Co";"Information Technology";17.69;0;4950246;1.488;0.5;522600000
"WY";"Weyerhaeuser Corp.";"Financials";35.29;-0.79;3147669;3.179;1.02;524500000
"WYN";"Wyndham Worldwide";"Consumer Discretionary";82.77;-0.8;1157818;4.154;1.4;1.23e+08
"WYNN";"Wynn Resorts Ltd";"Consumer Discretionary";146.11;-6.22;4808666;8.199;6.25;1.01e+08
"XEC";"Cimarex Energy";"Energy";110.11;-2.9;2144332;7.3;0.62;87200000
"XEL";"Xcel Energy Inc";"Utilities";37.2;-1.17;3178787;2.027;1.2;505700000
"XL";"XL Capital";"Financials";35.61;1.34;3215853;0.738;0.64;255200000
"XLNX";"Xilinx Inc";"Information Technology";39.84;1.36;3895150;2.377;0.87;261400000
"XOM";"Exxon Mobil Corp.";"Energy";91.46;-0.86;19632168;7.6;2.7;4234600000
"XRAY";"Dentsply International";"Health Care";50.67;-0.06;627134;2.16;0.264;141500000
"XRX";"Xerox Corp.";"Information Technology";13.41;-0.15;9476081;0.808;0.252;1116800000
"XYL";"Xylem Inc.";"Industrials";34.89;-1.41;1372185;1.67;0.512;181900000
"YHOO";"Yahoo Inc.";"Information Technology";44.045;-1.47;16281358;7.45;0;962600000
"YUM";"Yum! Brands Inc";"Consumer Discretionary";73.65;0.05;3768947;3.202;1.56;437500000
